location.length,location.shape.links,incidentDetails.id,incidentDetails.hrn,incidentDetails.originalId,incidentDetails.originalHrn,incidentDetails.startTime,incidentDetails.endTime,incidentDetails.entryTime,incidentDetails.roadClosed,incidentDetails.criticality,incidentDetails.type,incidentDetails.codes,incidentDetails.description.value,incidentDetails.description.language,incidentDetails.summary.value,incidentDetails.summary.language,incidentDetails.junctionTraversability,incidentDetails.vehicleRestrictions,incidentDetails.comment
41.0,"[{'points': [{'lat': 51.51744, 'lng': -0.10785}, {'lat': 51.51754, 'lng': -0.10781}, {'lat': 51.51759, 'lng': -0.10777}], 'length': 18.0}, {'points': [{'lat': 51.51759, 'lng': -0.10777}, {'lat': 51.51767, 'lng': -0.1077}, {'lat': 51.51777, 'lng': -0.10761}], 'length': 23.0}]",1183295346067664606,here:traffic:incident:1183295346067664606,1183295346067664606,here:traffic:incident:1183295346067664606,2024-10-19T07:00:00Z,2024-11-03T23:59:00Z,2024-10-24T15:54:37Z,True,critical,construction,[735],Closed due to road construction,en-US,Closed due to road construction,en-US,intermediateClosedEdgeOpen,,
115.0,"[{'points': [{'lat': 51.51367, 'lng': -0.14882}, {'lat': 51.51334, 'lng': -0.14865}], 'length': 39.0}, {'points': [{'lat': 51.51334, 'lng': -0.14865}, {'lat': 51.51306, 'lng': -0.14852}], 'length': 32.0}, {'points': [{'lat': 51.51306, 'lng': -0.14852}, {'lat': 51.51268, 'lng': -0.14836}], 'length': 44.0}]",4359858071885239897,here:traffic:incident:4359858071885239897,4359858071885239897,here:traffic:incident:4359858071885239897,2024-06-03T23:00:00Z,2027-04-29T23:59:00Z,2024-10-24T15:54:37Z,True,critical,roadClosure,"[405, 802]",Closed to through traffic,en-US,Closed to through traffic,en-US,intermediateClosedEdgeOpen,"[{'vehicleType': 'other', 'restriction': {'trafficType': 'throughTraffic'}}]",
57.0,"[{'points': [{'lat': 51.51435, 'lng': -0.13686}, {'lat': 51.51482, 'lng': -0.13718}], 'length': 57.0}]",2211171662017733891,here:traffic:incident:2211171662017733891,2211171662017733891,here:traffic:incident:2211171662017733891,2024-08-18T23:00:00Z,2024-11-30T17:00:00Z,2024-10-24T15:54:37Z,False,low,construction,[701],Road construction,en-US,Road construction,en-US,,,
12.0,"[{'points': [{'lat': 51.51376, 'lng': -0.12332}, {'lat': 51.51383, 'lng': -0.12319}], 'length': 12.0}]",1551070251092760938,here:traffic:incident:1551070251092760938,1760477732195675370,here:traffic:incident:1760477732195675370,2024-10-23T22:55:28Z,2024-10-25T16:55:28Z,2024-10-24T17:00:27Z,True,critical,roadClosure,[401],At Covent Garden - Closed,en-US,Closed,en-US,intermediateClosedEdgeOpen,,
76.0,"[{'points': [{'lat': 51.51326, 'lng': -0.14747}, {'lat': 51.51306, 'lng': -0.14852}], 'length': 76.0}]",3511127021366007976,here:traffic:incident:3511127021366007976,3511127021366007976,here:traffic:incident:3511127021366007976,2023-11-24T12:09:38Z,2027-04-27T23:59:00Z,2024-10-24T15:54:37Z,True,critical,construction,[735],Closed due to road construction,en-US,Closed due to road construction,en-US,intermediateClosedEdgeOpen,,
153.0,"[{'points': [{'lat': 51.51231, 'lng': -0.1445}, {'lat': 51.5119, 'lng': -0.14408}], 'length': 54.0}, {'points': [{'lat': 51.5119, 'lng': -0.14408}, {'lat': 51.51115, 'lng': -0.1433}], 'length': 99.0}]",2228928282628699985,here:traffic:incident:2228928282628699985,2228928282628699985,here:traffic:incident:2228928282628699985,2024-10-22T07:00:00Z,2024-10-24T22:59:59Z,2024-10-24T17:42:28Z,False,critical,construction,[701],At Soho - Road construction,en-US,Road construction,en-US,,,
92.0,"[{'points': [{'lat': 51.50772, 'lng': -0.14743}, {'lat': 51.50824, 'lng': -0.1464}], 'length': 92.0}]",4291676625352607575,here:traffic:incident:4291676625352607575,4291676625352607575,here:traffic:incident:4291676625352607575,2024-10-21T07:00:00Z,2024-10-24T22:59:00Z,2024-10-24T15:54:37Z,True,critical,roadClosure,"[401, 807]",Closed,en-US,Closed,en-US,intermediateClosedEdgeOpen,,
97.0,"[{'points': [{'lat': 51.50561, 'lng': -0.12677}, {'lat': 51.50572, 'lng': -0.12641}, {'lat': 51.5058, 'lng': -0.12608}, {'lat': 51.5059, 'lng': -0.12573}, {'lat': 51.50597, 'lng': -0.12549}], 'length': 97.0}]",4412030515409521269,here:traffic:incident:4412030515409521269,4412030515409521269,here:traffic:incident:4412030515409521269,2024-09-19T07:00:00Z,2024-11-02T18:00:00Z,2024-10-24T16:51:42Z,True,critical,construction,[735],Closed due to road construction,en-US,Closed due to road construction,en-US,intermediateClosedEdgeOpen,,
76.0,"[{'points': [{'lat': 51.51306, 'lng': -0.14852}, {'lat': 51.51326, 'lng': -0.14747}], 'length': 76.0}]",1785318500019990701,here:traffic:incident:1785318500019990701,1785318500019990701,here:traffic:incident:1785318500019990701,2023-11-24T12:09:38Z,2027-04-27T23:59:00Z,2024-10-24T15:54:37Z,True,critical,construction,[735],Closed due to road construction,en-US,Closed due to road construction,en-US,intermediateClosedEdgeOpen,,
657.0,"[{'points': [{'lat': 51.50972, 'lng': -0.11858}, {'lat': 51.50959, 'lng': -0.11889}, {'lat': 51.50948, 'lng': -0.11915}, {'lat': 51.50937, 'lng': -0.11937}, {'lat': 51.50923, 'lng': -0.11963}, {'lat': 51.5091, 'lng': -0.11984}], 'length': 111.0}, {'points': [{'lat': 51.5091, 'lng': -0.11984}, {'lat': 51.50892, 'lng': -0.12011}, {'lat': 51.50873, 'lng': -0.12038}, {'lat': 51.50859, 'lng': -0.12056}], 'length': 75.0}, {'points': [{'lat': 51.50859, 'lng': -0.12056}, {'lat': 51.50838, 'lng': -0.12081}, {'lat': 51.50822, 'lng': -0.12098}], 'length': 50.0}, {'points': [{'lat': 51.50822, 'lng': -0.12098}, {'lat': 51.50801, 'lng': -0.12119}, {'lat': 51.50781, 'lng': -0.12136}], 'length': 53.0}, {'points': [{'lat': 51.50781, 'lng': -0.12136}, {'lat': 51.50775, 'lng': -0.12141}], 'length': 8.0}, {'points': [{'lat': 51.50775, 'lng': -0.12141}, {'lat': 51.50745, 'lng': -0.12165}], 'length': 37.0}, {'points': [{'lat': 51.50745, 'lng': -0.12165}, {'lat': 51.50736, 'lng': -0.12172}, {'lat': 51.50726, 'lng': -0.1218}, {'lat': 51.50724, 'lng': -0.12181}], 'length': 26.0}, {'points': [{'lat': 51.50724, 'lng': -0.12181}, {'lat': 51.50716, 'lng': -0.12188}], 'length': 10.0}, {'points': [{'lat': 51.50716, 'lng': -0.12188}, {'lat': 51.50707, 'lng': -0.12195}], 'length': 11.0}, {'points': [{'lat': 51.50707, 'lng': -0.12195}, {'lat': 51.507, 'lng': -0.12201}, {'lat': 51.50688, 'lng': -0.1221}], 'length': 24.0}, {'points': [{'lat': 51.50688, 'lng': -0.1221}, {'lat': 51.50681, 'lng': -0.12216}], 'length': 9.0}, {'points': [{'lat': 51.50681, 'lng': -0.12216}, {'lat': 51.50672, 'lng': -0.12222}], 'length': 11.0}, {'points': [{'lat': 51.50672, 'lng': -0.12222}, {'lat': 51.50666, 'lng': -0.12226}], 'length': 7.0}, {'points': [{'lat': 51.50666, 'lng': -0.12226}, {'lat': 51.50659, 'lng': -0.1223}], 'length': 8.0}, {'points': [{'lat': 51.50659, 'lng': -0.1223}, {'lat': 51.50647, 'lng': -0.12238}], 'length': 14.0}, {'points': [{'lat': 51.50647, 'lng': -0.12238}, {'lat': 51.50626, 'lng': -0.12251}], 'length': 25.0}, {'points': [{'lat': 51.50626, 'lng': -0.12251}, {'lat': 51.50609, 'lng': -0.12262}], 'length': 20.0}, {'points': [{'lat': 51.50609, 'lng': -0.12262}, {'lat': 51.50594, 'lng': -0.1227}], 'length': 18.0}, {'points': [{'lat': 51.50594, 'lng': -0.1227}, {'lat': 51.50582, 'lng': -0.12276}, {'lat': 51.50558, 'lng': -0.12286}], 'length': 42.0}, {'points': [{'lat': 51.50558, 'lng': -0.12286}, {'lat': 51.50484, 'lng': -0.1231}], 'length': 84.0}, {'points': [{'lat': 51.50484, 'lng': -0.1231}, {'lat': 51.50472, 'lng': -0.12314}], 'length': 14.0}]",2856121292546983431,here:traffic:incident:2856121292546983431,2856121292546983431,here:traffic:incident:2856121292546983431,2024-10-14T20:00:00Z,2024-11-04T23:59:00Z,2024-10-24T16:51:42Z,False,minor,construction,"[641, 806]",At Westminster Bridge - One lane closed,en-US,One lane closed,en-US,,,
20.0,"[{'points': [{'lat': 51.505, 'lng': -0.11638}, {'lat': 51.50504, 'lng': -0.11634}, {'lat': 51.50515, 'lng': -0.11623}], 'length': 20.0}]",283005049400253360,here:traffic:incident:283005049400253360,283005049400253360,here:traffic:incident:283005049400253360,2024-09-10T07:00:00Z,2024-11-03T18:00:00Z,2024-10-24T15:54:37Z,False,low,construction,"[701, 708]",Road construction,en-US,Road construction,en-US,,,
49.0,"[{'points': [{'lat': 51.512, 'lng': -0.1335}, {'lat': 51.51221, 'lng': -0.13369}], 'length': 27.0}, {'points': [{'lat': 51.51221, 'lng': -0.13369}, {'lat': 51.51237, 'lng': -0.13387}], 'length': 22.0}]",3434021741267880973,here:traffic:incident:3434021741267880973,3434021741267880973,here:traffic:incident:3434021741267880973,2024-08-19T07:00:00Z,2025-02-12T23:59:00Z,2024-10-24T15:54:37Z,True,critical,roadClosure,"[405, 701]",Closed to through traffic,en-US,Closed to through traffic,en-US,intermediateClosedEdgeOpen,"[{'vehicleType': 'other', 'restriction': {'trafficType': 'throughTraffic'}}]",
76.0,"[{'points': [{'lat': 51.51837, 'lng': -0.10586}, {'lat': 51.5177, 'lng': -0.10609}], 'length': 76.0}]",3552657896166709751,here:traffic:incident:3552657896166709751,3552657896166709751,here:traffic:incident:3552657896166709751,2024-10-19T07:00:00Z,2024-11-03T17:00:00Z,2024-10-24T02:14:17Z,False,major,construction,[701],Road construction,en-US,Road construction,en-US,,,Roadworks scheduled 19/10/2024 - 03/11/2024 (City of London Corporation)
69.0,"[{'points': [{'lat': 51.51441, 'lng': -0.12572}, {'lat': 51.51457, 'lng': -0.12538}], 'length': 29.0}, {'points': [{'lat': 51.51457, 'lng': -0.12538}, {'lat': 51.51482, 'lng': -0.12496}], 'length': 40.0}]",610496495634355986,here:traffic:incident:610496495634355986,610496495634355986,here:traffic:incident:610496495634355986,2024-07-14T23:00:00Z,2024-12-30T23:59:00Z,2024-10-24T15:54:37Z,True,critical,roadClosure,"[405, 701]",Closed to through traffic,en-US,Closed to through traffic,en-US,intermediateClosedEdgeOpen,"[{'vehicleType': 'other', 'restriction': {'trafficType': 'throughTraffic'}}]",
24.0,"[{'points': [{'lat': 51.50056, 'lng': -0.13183}, {'lat': 51.50069, 'lng': -0.13174}, {'lat': 51.50075, 'lng': -0.13166}], 'length': 24.0}]",3304942631820607799,here:traffic:incident:3304942631820607799,3304942631820607799,here:traffic:incident:3304942631820607799,2024-06-09T23:00:00Z,2024-11-30T17:00:00Z,2024-10-24T15:54:37Z,False,low,construction,"[701, 520]",Road construction,en-US,Road construction,en-US,,,
200.0,"[{'points': [{'lat': 51.51268, 'lng': -0.14836}, {'lat': 51.51306, 'lng': -0.14852}], 'length': 44.0}, {'points': [{'lat': 51.51306, 'lng': -0.14852}, {'lat': 51.51334, 'lng': -0.14865}], 'length': 32.0}, {'points': [{'lat': 51.51334, 'lng': -0.14865}, {'lat': 51.51367, 'lng': -0.14882}], 'length': 39.0}, {'points': [{'lat': 51.51367, 'lng': -0.14882}, {'lat': 51.51419, 'lng': -0.14909}], 'length': 61.0}, {'points': [{'lat': 51.51419, 'lng': -0.14909}, {'lat': 51.5144, 'lng': -0.14918}], 'length': 24.0}]",2764640222589760605,here:traffic:incident:2764640222589760605,2764640222589760605,here:traffic:incident:2764640222589760605,2024-06-03T23:00:00Z,2027-04-29T23:59:00Z,2024-10-24T16:51:42Z,True,critical,roadClosure,"[405, 802]",Closed to through traffic,en-US,Closed to through traffic,en-US,intermediateClosedEdgeOpen,"[{'vehicleType': 'other', 'restriction': {'trafficType': 'throughTraffic'}}]",
38.0,"[{'points': [{'lat': 51.51787, 'lng': -0.14026}, {'lat': 51.51819, 'lng': -0.14045}], 'length': 38.0}]",2069260364096451424,here:traffic:incident:2069260364096451424,2069260364096451424,here:traffic:incident:2069260364096451424,2024-07-04T07:00:00Z,2024-11-29T17:00:00Z,2024-10-23T14:10:59Z,False,major,construction,[701],Road construction,en-US,Road construction,en-US,,,Roadworks scheduled 04/07/2024 - 29/11/2024 (Westminster City Council)
46.0,"[{'points': [{'lat': 51.51185, 'lng': -0.1278}, {'lat': 51.51182, 'lng': -0.12713}], 'length': 46.0}]",3343413047952522074,here:traffic:incident:3343413047952522074,4209369617412420596,here:traffic:incident:4209369617412420596,2024-10-22T07:00:00Z,2024-12-17T17:00:00Z,2024-10-23T14:10:58Z,False,major,construction,[701],Between Leicester Square and Covent Garden - Road construction,en-US,Road construction,en-US,,,Roadworks scheduled 22/10/2024 - 17/12/2024 (Westminster City Council)
50.0,"[{'points': [{'lat': 51.50898, 'lng': -0.13708}, {'lat': 51.50937, 'lng': -0.13744}], 'length': 50.0}]",3622150705693560363,here:traffic:incident:3622150705693560363,3622150705693560363,here:traffic:incident:3622150705693560363,2024-10-24T07:00:00Z,2024-10-25T17:00:00Z,2024-10-24T07:13:05Z,False,major,construction,[701],Road construction,en-US,Road construction,en-US,,,Roadworks scheduled 24/10/2024 - 25/10/2024 (Westminster City Council)
178.0,"[{'points': [{'lat': 51.49948, 'lng': -0.1022}, {'lat': 51.49961, 'lng': -0.10191}], 'length': 25.0}, {'points': [{'lat': 51.49961, 'lng': -0.10191}, {'lat': 51.49974, 'lng': -0.10164}], 'length': 24.0}, {'points': [{'lat': 51.49974, 'lng': -0.10164}, {'lat': 51.49985, 'lng': -0.1014}], 'length': 21.0}, {'points': [{'lat': 51.49985, 'lng': -0.1014}, {'lat': 51.50005, 'lng': -0.10096}, {'lat': 51.50018, 'lng': -0.10071}, {'lat': 51.50024, 'lng': -0.1006}], 'length': 70.0}, {'points': [{'lat': 51.50024, 'lng': -0.1006}, {'lat': 51.50031, 'lng': -0.10045}, {'lat': 51.50033, 'lng': -0.10041}], 'length': 17.0}, {'points': [{'lat': 51.50033, 'lng': -0.10041}, {'lat': 51.50046, 'lng': -0.10019}], 'length': 21.0}]",2912972856086489509,here:traffic:incident:2912972856086489509,2912972856086489509,here:traffic:incident:2912972856086489509,2024-07-12T04:51:00Z,2024-12-11T23:59:00Z,2024-10-24T15:54:37Z,True,critical,roadClosure,"[405, 701]",Closed to through traffic,en-US,Closed to through traffic,en-US,intermediateClosedEdgeOpen,"[{'vehicleType': 'other', 'restriction': {'trafficType': 'throughTraffic'}}]",
43.0,"[{'points': [{'lat': 51.51725, 'lng': -0.13791}, {'lat': 51.5171, 'lng': -0.13774}, {'lat': 51.51693, 'lng': -0.13755}], 'length': 43.0}]",4259251360831492182,here:traffic:incident:4259251360831492182,4259251360831492182,here:traffic:incident:4259251360831492182,2024-10-22T23:00:00Z,2025-11-10T23:59:00Z,2024-10-24T17:42:28Z,False,critical,construction,[802],Long-term road construction,en-US,Long-term road construction,en-US,,,
76.0,"[{'points': [{'lat': 51.5177, 'lng': -0.10609}, {'lat': 51.51837, 'lng': -0.10586}], 'length': 76.0}]",4546871149436778547,here:traffic:incident:4546871149436778547,4546871149436778547,here:traffic:incident:4546871149436778547,2024-10-19T07:00:00Z,2024-11-03T17:00:00Z,2024-10-24T02:14:17Z,False,major,construction,[701],Road construction,en-US,Road construction,en-US,,,Roadworks scheduled 19/10/2024 - 03/11/2024 (City of London Corporation)
249.0,"[{'points': [{'lat': 51.50789, 'lng': -0.13125}, {'lat': 51.5077, 'lng': -0.13109}], 'length': 24.0}, {'points': [{'lat': 51.5077, 'lng': -0.13109}, {'lat': 51.50797, 'lng': -0.13033}], 'length': 61.0}, {'points': [{'lat': 51.50797, 'lng': -0.13033}, {'lat': 51.50804, 'lng': -0.13013}], 'length': 16.0}, {'points': [{'lat': 51.50804, 'lng': -0.13013}, {'lat': 51.50816, 'lng': -0.12979}], 'length': 27.0}, {'points': [{'lat': 51.50816, 'lng': -0.12979}, {'lat': 51.5082, 'lng': -0.12967}, {'lat': 51.50824, 'lng': -0.12954}, {'lat': 51.50827, 'lng': -0.12942}, {'lat': 51.50829, 'lng': -0.12931}, {'lat': 51.5083, 'lng': -0.12922}, {'lat': 51.5083, 'lng': -0.12916}], 'length': 47.0}, {'points': [{'lat': 51.5083, 'lng': -0.12916}, {'lat': 51.50829, 'lng': -0.12911}, {'lat': 51.50827, 'lng': -0.12906}, {'lat': 51.50824, 'lng': -0.12902}, {'lat': 51.5082, 'lng': -0.12899}, {'lat': 51.50816, 'lng': -0.12897}, {'lat': 51.50798, 'lng': -0.12889}], 'length': 42.0}, {'points': [{'lat': 51.50798, 'lng': -0.12889}, {'lat': 51.50784, 'lng': -0.12883}], 'length': 16.0}, {'points': [{'lat': 51.50784, 'lng': -0.12883}, {'lat': 51.5077, 'lng': -0.12877}], 'length': 16.0}]",3220751071511425877,here:traffic:incident:3220751071511425877,3220751071511425877,here:traffic:incident:3220751071511425877,2024-08-03T07:00:00Z,2024-11-17T23:59:00Z,2024-10-24T17:36:27Z,True,critical,roadClosure,"[401, 641, 807]",At Waterloo Bridge - Closed,en-US,Closed,en-US,intermediateClosedEdgeOpen,,
56.0,"[{'points': [{'lat': 51.51603, 'lng': -0.10124}, {'lat': 51.51608, 'lng': -0.10145}, {'lat': 51.51613, 'lng': -0.10166}, {'lat': 51.51616, 'lng': -0.10177}, {'lat': 51.5162, 'lng': -0.1019}, {'lat': 51.51623, 'lng': -0.10198}], 'length': 56.0}]",1469706224769271544,here:traffic:incident:1469706224769271544,1469706224769271544,here:traffic:incident:1469706224769271544,2024-10-21T09:00:00Z,2024-11-01T23:59:00Z,2024-10-24T15:54:37Z,False,minor,construction,"[708, 807]",Temporary traffic signals,en-US,Temporary traffic signals,en-US,,,
207.0,"[{'points': [{'lat': 51.50559, 'lng': -0.10563}, {'lat': 51.50562, 'lng': -0.10556}], 'length': 6.0}, {'points': [{'lat': 51.50562, 'lng': -0.10556}, {'lat': 51.50583, 'lng': -0.10528}, {'lat': 51.50589, 'lng': -0.10519}, {'lat': 51.50595, 'lng': -0.10508}, {'lat': 51.50607, 'lng': -0.10483}, {'lat': 51.5061, 'lng': -0.10475}, {'lat': 51.50611, 'lng': -0.10466}, {'lat': 51.50611, 'lng': -0.10445}], 'length': 99.0}, {'points': [{'lat': 51.50611, 'lng': -0.10445}, {'lat': 51.5061, 'lng': -0.10416}], 'length': 20.0}, {'points': [{'lat': 51.5061, 'lng': -0.10416}, {'lat': 51.50608, 'lng': -0.10361}], 'length': 38.0}, {'points': [{'lat': 51.50608, 'lng': -0.10361}, {'lat': 51.50607, 'lng': -0.1034}], 'length': 15.0}, {'points': [{'lat': 51.50607, 'lng': -0.1034}, {'lat': 51.50607, 'lng': -0.10321}, {'lat': 51.5061, 'lng': -0.10299}], 'length': 29.0}]",3804415236195775588,here:traffic:incident:3804415236195775588,3804415236195775588,here:traffic:incident:3804415236195775588,2024-10-07T23:00:00Z,2025-01-04T23:59:00Z,2024-10-24T15:54:37Z,False,low,construction,"[701, 708]",Road construction,en-US,Road construction,en-US,,,
41.0,"[{'points': [{'lat': 51.51643, 'lng': -0.10247}, {'lat': 51.51633, 'lng': -0.10224}, {'lat': 51.51623, 'lng': -0.10198}], 'length': 41.0}]",2313209451968203271,here:traffic:incident:2313209451968203271,2313209451968203271,here:traffic:incident:2313209451968203271,2024-10-21T09:00:00Z,2024-11-01T23:59:00Z,2024-10-24T15:54:37Z,False,minor,construction,"[708, 807]",Temporary traffic signals,en-US,Temporary traffic signals,en-US,,,
77.0,"[{'points': [{'lat': 51.50361, 'lng': -0.10537}, {'lat': 51.50355, 'lng': -0.10566}], 'length': 21.0}, {'points': [{'lat': 51.50355, 'lng': -0.10566}, {'lat': 51.50347, 'lng': -0.10603}], 'length': 27.0}, {'points': [{'lat': 51.50347, 'lng': -0.10603}, {'lat': 51.50337, 'lng': -0.10641}], 'length': 29.0}]",1153267067979528619,here:traffic:incident:1153267067979528619,1153267067979528619,here:traffic:incident:1153267067979528619,2024-09-23T07:00:00Z,2024-10-25T12:00:00Z,2024-10-24T15:54:37Z,False,low,construction,"[701, 708]",At Waterloo - Road construction,en-US,Road construction,en-US,,,
111.0,"[{'points': [{'lat': 51.51793, 'lng': -0.10731}, {'lat': 51.51802, 'lng': -0.10704}], 'length': 21.0}, {'points': [{'lat': 51.51802, 'lng': -0.10704}, {'lat': 51.5181, 'lng': -0.10676}], 'length': 21.0}, {'points': [{'lat': 51.5181, 'lng': -0.10676}, {'lat': 51.51837, 'lng': -0.10586}], 'length': 69.0}]",4468912842547607569,here:traffic:incident:4468912842547607569,4468912842547607569,here:traffic:incident:4468912842547607569,2024-10-19T07:00:00Z,2024-11-03T23:59:00Z,2024-10-24T17:42:28Z,False,critical,construction,[701],Between B521/Holborn Circus/Holborn and A201/Farringdon Road - Road construction,en-US,Road construction,en-US,,,
27.0,"[{'points': [{'lat': 51.51774, 'lng': -0.11864}, {'lat': 51.51773, 'lng': -0.11879}, {'lat': 51.51773, 'lng': -0.11888}, {'lat': 51.51773, 'lng': -0.11903}], 'length': 27.0}]",4363831885465313386,here:traffic:incident:4363831885465313386,4363831885465313386,here:traffic:incident:4363831885465313386,2024-10-22T23:00:00Z,2024-11-01T23:59:00Z,2024-10-24T15:54:37Z,False,low,construction,"[807, 641]",Gas pipeline work,en-US,Gas pipeline work,en-US,,,
11.0,"[{'points': [{'lat': 51.50159, 'lng': -0.11047}, {'lat': 51.50169, 'lng': -0.11045}], 'length': 11.0}]",3272577801833839944,here:traffic:incident:3272577801833839944,3272577801833839944,here:traffic:incident:3272577801833839944,2024-10-24T15:45:00Z,2024-10-24T20:00:00Z,2024-10-24T15:56:44Z,True,critical,roadClosure,"[401, 703]",At Waterloo - Closed,en-US,Closed,en-US,intermediateClosedEdgeOpen,,
210.0,"[{'points': [{'lat': 51.52053, 'lng': -0.12634}, {'lat': 51.52024, 'lng': -0.12598}], 'length': 41.0}, {'points': [{'lat': 51.52024, 'lng': -0.12598}, {'lat': 51.51998, 'lng': -0.12568}], 'length': 36.0}, {'points': [{'lat': 51.51998, 'lng': -0.12568}, {'lat': 51.51981, 'lng': -0.12548}], 'length': 23.0}, {'points': [{'lat': 51.51981, 'lng': -0.12548}, {'lat': 51.51971, 'lng': -0.12536}], 'length': 14.0}, {'points': [{'lat': 51.51971, 'lng': -0.12536}, {'lat': 51.51938, 'lng': -0.12496}], 'length': 46.0}, {'points': [{'lat': 51.51938, 'lng': -0.12496}, {'lat': 51.51901, 'lng': -0.12455}], 'length': 50.0}]",3914155300898911599,here:traffic:incident:3914155300898911599,3914155300898911599,here:traffic:incident:3914155300898911599,2024-10-22T23:00:00Z,2024-10-31T18:00:00Z,2024-10-24T15:54:37Z,False,low,construction,"[703, 708]",Road maintenance operations,en-US,Road maintenance operations,en-US,,,
18.0,"[{'points': [{'lat': 51.51562, 'lng': -0.12868}, {'lat': 51.51559, 'lng': -0.12875}, {'lat': 51.51552, 'lng': -0.12888}], 'length': 18.0}]",2813285370949262733,here:traffic:incident:2813285370949262733,2813285370949262733,here:traffic:incident:2813285370949262733,2024-10-20T23:00:00Z,2024-10-24T22:59:59Z,2024-10-23T14:08:26Z,False,major,construction,[701],Road construction,en-US,Road construction,en-US,,,Roadworks scheduled 21/10/2024 - 24/10/2024 (Thames Water)
15.0,"[{'points': [{'lat': 51.50182, 'lng': -0.1104}, {'lat': 51.50178, 'lng': -0.11042}, {'lat': 51.50169, 'lng': -0.11045}], 'length': 15.0}]",1742909221342520424,here:traffic:incident:1742909221342520424,1742909221342520424,here:traffic:incident:1742909221342520424,2024-10-24T15:45:00Z,2024-10-24T20:00:00Z,2024-10-24T15:56:44Z,True,critical,roadClosure,"[401, 703]",At Waterloo - Closed,en-US,Closed,en-US,intermediateClosedEdgeOpen,,
572.0,"[{'points': [{'lat': 51.52335, 'lng': -0.10823}, {'lat': 51.52329, 'lng': -0.10816}, {'lat': 51.52309, 'lng': -0.10794}], 'length': 35.0}, {'points': [{'lat': 51.52309, 'lng': -0.10794}, {'lat': 51.52294, 'lng': -0.10774}], 'length': 22.0}, {'points': [{'lat': 51.52294, 'lng': -0.10774}, {'lat': 51.5229, 'lng': -0.10768}, {'lat': 51.52275, 'lng': -0.10752}], 'length': 26.0}, {'points': [{'lat': 51.52275, 'lng': -0.10752}, {'lat': 51.52266, 'lng': -0.10743}, {'lat': 51.52258, 'lng': -0.10735}, {'lat': 51.52247, 'lng': -0.10725}, {'lat': 51.52238, 'lng': -0.10717}], 'length': 48.0}, {'points': [{'lat': 51.52238, 'lng': -0.10717}, {'lat': 51.52219, 'lng': -0.107}], 'length': 24.0}, {'points': [{'lat': 51.52219, 'lng': -0.107}, {'lat': 51.52209, 'lng': -0.10692}, {'lat': 51.52197, 'lng': -0.10682}, {'lat': 51.5219, 'lng': -0.10676}], 'length': 36.0}, {'points': [{'lat': 51.5219, 'lng': -0.10676}, {'lat': 51.52162, 'lng': -0.10656}], 'length': 34.0}, {'points': [{'lat': 51.52162, 'lng': -0.10656}, {'lat': 51.52139, 'lng': -0.10641}, {'lat': 51.52116, 'lng': -0.10626}], 'length': 55.0}, {'points': [{'lat': 51.52116, 'lng': -0.10626}, {'lat': 51.52081, 'lng': -0.10606}, {'lat': 51.52058, 'lng': -0.10597}], 'length': 68.0}, {'points': [{'lat': 51.52058, 'lng': -0.10597}, {'lat': 51.52049, 'lng': -0.10594}, {'lat': 51.52034, 'lng': -0.10588}], 'length': 27.0}, {'points': [{'lat': 51.52034, 'lng': -0.10588}, {'lat': 51.52027, 'lng': -0.10586}, {'lat': 51.52009, 'lng': -0.10579}], 'length': 28.0}, {'points': [{'lat': 51.52009, 'lng': -0.10579}, {'lat': 51.51994, 'lng': -0.10573}], 'length': 17.0}, {'points': [{'lat': 51.51994, 'lng': -0.10573}, {'lat': 51.51978, 'lng': -0.10567}], 'length': 18.0}, {'points': [{'lat': 51.51978, 'lng': -0.10567}, {'lat': 51.51966, 'lng': -0.10564}], 'length': 14.0}, {'points': [{'lat': 51.51966, 'lng': -0.10564}, {'lat': 51.51918, 'lng': -0.10551}, {'lat': 51.51881, 'lng': -0.1054}], 'length': 96.0}, {'points': [{'lat': 51.51881, 'lng': -0.1054}, {'lat': 51.5186, 'lng': -0.10532}], 'length': 24.0}]",4476778946317433918,here:traffic:incident:4476778946317433918,4476778946317433918,here:traffic:incident:4476778946317433918,2024-09-14T07:00:00Z,2024-11-24T23:59:00Z,2024-10-24T16:57:29Z,True,critical,construction,[735],At Blackfriers Bridge - Closed due to road construction,en-US,Closed due to road construction,en-US,intermediateClosedEdgeOpen,,
1035.0,"[{'points': [{'lat': 51.51659, 'lng': -0.14752}, {'lat': 51.51673, 'lng': -0.14677}], 'length': 54.0}, {'points': [{'lat': 51.51673, 'lng': -0.14677}, {'lat': 51.51685, 'lng': -0.14596}], 'length': 58.0}, {'points': [{'lat': 51.51685, 'lng': -0.14596}, {'lat': 51.51698, 'lng': -0.14522}], 'length': 53.0}, {'points': [{'lat': 51.51698, 'lng': -0.14522}, {'lat': 51.517, 'lng': -0.14508}], 'length': 10.0}, {'points': [{'lat': 51.517, 'lng': -0.14508}, {'lat': 51.51701, 'lng': -0.14501}, {'lat': 51.51711, 'lng': -0.14445}], 'length': 45.0}, {'points': [{'lat': 51.51711, 'lng': -0.14445}, {'lat': 51.51723, 'lng': -0.14374}], 'length': 51.0}, {'points': [{'lat': 51.51723, 'lng': -0.14374}, {'lat': 51.51742, 'lng': -0.14284}], 'length': 66.0}, {'points': [{'lat': 51.51742, 'lng': -0.14284}, {'lat': 51.51749, 'lng': -0.14251}, {'lat': 51.51754, 'lng': -0.14223}], 'length': 44.0}, {'points': [{'lat': 51.51754, 'lng': -0.14223}, {'lat': 51.51764, 'lng': -0.14162}], 'length': 44.0}, {'points': [{'lat': 51.51764, 'lng': -0.14162}, {'lat': 51.51777, 'lng': -0.14083}], 'length': 57.0}, {'points': [{'lat': 51.51777, 'lng': -0.14083}, {'lat': 51.51787, 'lng': -0.14026}], 'length': 41.0}, {'points': [{'lat': 51.51787, 'lng': -0.14026}, {'lat': 51.51794, 'lng': -0.13983}], 'length': 31.0}, {'points': [{'lat': 51.51794, 'lng': -0.13983}, {'lat': 51.518, 'lng': -0.13947}, {'lat': 51.51805, 'lng': -0.13923}], 'length': 43.0}, {'points': [{'lat': 51.51805, 'lng': -0.13923}, {'lat': 51.51811, 'lng': -0.13906}, {'lat': 51.51817, 'lng': -0.1389}, {'lat': 51.51834, 'lng': -0.13845}], 'length': 63.0}, {'points': [{'lat': 51.51834, 'lng': -0.13845}, {'lat': 51.51862, 'lng': -0.13767}], 'length': 62.0}, {'points': [{'lat': 51.51862, 'lng': -0.13767}, {'lat': 51.51864, 'lng': -0.13762}], 'length': 4.0}, {'points': [{'lat': 51.51864, 'lng': -0.13762}, {'lat': 51.51883, 'lng': -0.13712}], 'length': 41.0}, {'points': [{'lat': 51.51883, 'lng': -0.13712}, {'lat': 51.51888, 'lng': -0.13698}], 'length': 11.0}, {'points': [{'lat': 51.51888, 'lng': -0.13698}, {'lat': 51.51914, 'lng': -0.1363}], 'length': 55.0}, {'points': [{'lat': 51.51914, 'lng': -0.1363}, {'lat': 51.51918, 'lng': -0.13619}], 'length': 9.0}, {'points': [{'lat': 51.51918, 'lng': -0.13619}, {'lat': 51.51938, 'lng': -0.13562}], 'length': 45.0}, {'points': [{'lat': 51.51938, 'lng': -0.13562}, {'lat': 51.51951, 'lng': -0.13528}, {'lat': 51.51969, 'lng': -0.13482}], 'length': 65.0}, {'points': [{'lat': 51.51969, 'lng': -0.13482}, {'lat': 51.51979, 'lng': -0.13458}], 'length': 20.0}, {'points': [{'lat': 51.51979, 'lng': -0.13458}, {'lat': 51.51991, 'lng': -0.1343}], 'length': 24.0}, {'points': [{'lat': 51.51991, 'lng': -0.1343}, {'lat': 51.52011, 'lng': -0.13384}], 'length': 39.0}]",341856422436343950,here:traffic:incident:341856422436343950,2024425171649338079,here:traffic:incident:2024425171649338079,2024-02-29T12:00:00Z,2024-11-29T17:00:00Z,2024-10-24T17:27:28Z,False,critical,construction,[701],Between W1 and Fitzrovia - Road construction,en-US,Road construction,en-US,,,
111.0,"[{'points': [{'lat': 51.51787, 'lng': -0.14026}, {'lat': 51.51738, 'lng': -0.14003}], 'length': 57.0}, {'points': [{'lat': 51.51738, 'lng': -0.14003}, {'lat': 51.51691, 'lng': -0.13983}], 'length': 54.0}]",3468907623238942090,here:traffic:incident:3468907623238942090,3468907623238942090,here:traffic:incident:3468907623238942090,2024-07-04T07:00:00Z,2024-11-22T23:59:00Z,2024-10-24T16:51:42Z,True,critical,construction,[735],Closed due to road construction,en-US,Closed due to road construction,en-US,intermediateClosedEdgeOpen,,
112.0,"[{'points': [{'lat': 51.50819, 'lng': -0.10546}, {'lat': 51.50718, 'lng': -0.10552}], 'length': 112.0}]",2383237238381478871,here:traffic:incident:2383237238381478871,2383237238381478871,here:traffic:incident:2383237238381478871,2024-10-17T23:00:00Z,2024-10-30T23:59:00Z,2024-10-24T15:54:37Z,False,low,construction,"[708, 807]",Temporary traffic signals,en-US,Temporary traffic signals,en-US,,,
172.0,"[{'points': [{'lat': 51.51271, 'lng': -0.10686}, {'lat': 51.51306, 'lng': -0.10695}], 'length': 39.0}, {'points': [{'lat': 51.51306, 'lng': -0.10695}, {'lat': 51.51358, 'lng': -0.10721}], 'length': 61.0}, {'points': [{'lat': 51.51358, 'lng': -0.10721}, {'lat': 51.51389, 'lng': -0.10736}], 'length': 36.0}, {'points': [{'lat': 51.51389, 'lng': -0.10736}, {'lat': 51.51403, 'lng': -0.10741}], 'length': 16.0}, {'points': [{'lat': 51.51403, 'lng': -0.10741}, {'lat': 51.51421, 'lng': -0.10747}], 'length': 20.0}]",3641720256149533654,here:traffic:incident:3641720256149533654,46070209533790015,here:traffic:incident:46070209533790015,2024-10-23T13:53:24Z,2026-06-03T22:59:00Z,2024-10-23T14:03:11Z,True,critical,construction,[735],Closed due to road construction,en-US,Closed due to road construction,en-US,intermediateClosedEdgeOpen,,
116.0,"[{'points': [{'lat': 51.50816, 'lng': -0.12979}, {'lat': 51.50845, 'lng': -0.13}, {'lat': 51.50854, 'lng': -0.13007}, {'lat': 51.50864, 'lng': -0.13013}, {'lat': 51.50881, 'lng': -0.13026}], 'length': 79.0}, {'points': [{'lat': 51.50881, 'lng': -0.13026}, {'lat': 51.50901, 'lng': -0.13037}], 'length': 23.0}, {'points': [{'lat': 51.50901, 'lng': -0.13037}, {'lat': 51.50907, 'lng': -0.13041}, {'lat': 51.50913, 'lng': -0.13045}], 'length': 14.0}]",689600094323334116,here:traffic:incident:689600094323334116,689600094323334116,here:traffic:incident:689600094323334116,2024-06-09T23:00:00Z,2025-05-10T22:59:00Z,2024-10-24T15:54:37Z,True,critical,roadClosure,"[405, 701]",Closed to through traffic,en-US,Closed to through traffic,en-US,intermediateClosedEdgeOpen,"[{'vehicleType': 'other', 'restriction': {'trafficType': 'throughTraffic'}}]",
90.0,"[{'points': [{'lat': 51.51162, 'lng': -0.14486}, {'lat': 51.51144, 'lng': -0.14563}], 'length': 57.0}, {'points': [{'lat': 51.51144, 'lng': -0.14563}, {'lat': 51.51135, 'lng': -0.14609}], 'length': 33.0}]",3905565285564076122,here:traffic:incident:3905565285564076122,3905565285564076122,here:traffic:incident:3905565285564076122,2024-09-10T07:00:00Z,2024-10-28T18:00:00Z,2024-10-24T15:54:37Z,True,critical,roadClosure,"[405, 701]",Closed to through traffic,en-US,Closed to through traffic,en-US,intermediateClosedEdgeOpen,"[{'vehicleType': 'other', 'restriction': {'trafficType': 'throughTraffic'}}]",
36.0,"[{'points': [{'lat': 51.50623, 'lng': -0.14672}, {'lat': 51.50619, 'lng': -0.147}], 'length': 20.0}, {'points': [{'lat': 51.50619, 'lng': -0.147}, {'lat': 51.50616, 'lng': -0.14722}], 'length': 16.0}]",1379291410003507659,here:traffic:incident:1379291410003507659,1379291410003507659,here:traffic:incident:1379291410003507659,2024-10-01T11:00:00Z,2024-10-28T16:00:00Z,2024-10-23T15:07:26Z,False,major,construction,[701],Road construction,en-US,Road construction,en-US,,,Roadworks scheduled 01/10/2024 - 28/10/2024 (Westminster City Council)
43.0,"[{'points': [{'lat': 51.50375, 'lng': -0.10649}, {'lat': 51.50337, 'lng': -0.10641}], 'length': 43.0}]",1474342912249251492,here:traffic:incident:1474342912249251492,1474342912249251492,here:traffic:incident:1474342912249251492,2024-09-23T07:00:00Z,2024-10-25T16:00:00Z,2024-10-24T16:51:42Z,False,minor,construction,[701],Road construction,en-US,Road construction,en-US,,,
37.0,"[{'points': [{'lat': 51.50956, 'lng': -0.13164}, {'lat': 51.50968, 'lng': -0.13174}], 'length': 15.0}, {'points': [{'lat': 51.50968, 'lng': -0.13174}, {'lat': 51.50985, 'lng': -0.13191}], 'length': 22.0}]",4239627709771752864,here:traffic:incident:4239627709771752864,4239627709771752864,here:traffic:incident:4239627709771752864,2024-10-15T07:00:00Z,2024-10-24T22:59:00Z,2024-10-24T17:43:29Z,False,critical,construction,[703],Road maintenance operations,en-US,Road maintenance operations,en-US,,,
173.0,"[{'points': [{'lat': 51.5186, 'lng': -0.10532}, {'lat': 51.51891, 'lng': -0.10428}], 'length': 80.0}, {'points': [{'lat': 51.51891, 'lng': -0.10428}, {'lat': 51.51928, 'lng': -0.10308}], 'length': 93.0}]",2855996572123977698,here:traffic:incident:2855996572123977698,3354942366590550057,here:traffic:incident:3354942366590550057,2024-10-23T13:53:24Z,2024-11-10T23:59:00Z,2024-10-23T14:03:11Z,True,critical,roadClosure,[401],Closed,en-US,Closed,en-US,intermediateClosedEdgeOpen,,
35.0,"[{'points': [{'lat': 51.50682, 'lng': -0.14693}, {'lat': 51.50676, 'lng': -0.14743}], 'length': 35.0}]",3990766006797993483,here:traffic:incident:3990766006797993483,3990766006797993483,here:traffic:incident:3990766006797993483,2024-09-15T23:00:00Z,2025-08-15T22:59:00Z,2024-10-24T15:54:37Z,True,critical,roadClosure,"[405, 802]",Closed to through traffic,en-US,Closed to through traffic,en-US,intermediateClosedEdgeOpen,"[{'vehicleType': 'other', 'restriction': {'trafficType': 'throughTraffic'}}]",
417.0,"[{'points': [{'lat': 51.5186, 'lng': -0.10532}, {'lat': 51.51881, 'lng': -0.1054}], 'length': 24.0}, {'points': [{'lat': 51.51881, 'lng': -0.1054}, {'lat': 51.51918, 'lng': -0.10551}, {'lat': 51.51966, 'lng': -0.10564}], 'length': 96.0}, {'points': [{'lat': 51.51966, 'lng': -0.10564}, {'lat': 51.51978, 'lng': -0.10567}], 'length': 14.0}, {'points': [{'lat': 51.51978, 'lng': -0.10567}, {'lat': 51.51994, 'lng': -0.10573}], 'length': 18.0}, {'points': [{'lat': 51.51994, 'lng': -0.10573}, {'lat': 51.52009, 'lng': -0.10579}], 'length': 17.0}, {'points': [{'lat': 51.52009, 'lng': -0.10579}, {'lat': 51.52027, 'lng': -0.10586}, {'lat': 51.52034, 'lng': -0.10588}], 'length': 28.0}, {'points': [{'lat': 51.52034, 'lng': -0.10588}, {'lat': 51.52049, 'lng': -0.10594}, {'lat': 51.52058, 'lng': -0.10597}], 'length': 27.0}, {'points': [{'lat': 51.52058, 'lng': -0.10597}, {'lat': 51.52081, 'lng': -0.10606}, {'lat': 51.52116, 'lng': -0.10626}], 'length': 68.0}, {'points': [{'lat': 51.52116, 'lng': -0.10626}, {'lat': 51.52139, 'lng': -0.10641}, {'lat': 51.52162, 'lng': -0.10656}], 'length': 55.0}, {'points': [{'lat': 51.52162, 'lng': -0.10656}, {'lat': 51.5219, 'lng': -0.10676}], 'length': 34.0}, {'points': [{'lat': 51.5219, 'lng': -0.10676}, {'lat': 51.52197, 'lng': -0.10682}, {'lat': 51.52209, 'lng': -0.10692}, {'lat': 51.52219, 'lng': -0.107}], 'length': 36.0}]",4636079563507815377,here:traffic:incident:4636079563507815377,4195253137686777037,here:traffic:incident:4195253137686777037,2024-09-14T07:00:00Z,2024-11-24T23:59:00Z,2024-10-24T17:02:28Z,False,critical,construction,[701],At Kings Cross - Road construction,en-US,Road construction,en-US,,,
42.0,"[{'points': [{'lat': 51.51532, 'lng': -0.13362}, {'lat': 51.51497, 'lng': -0.13339}], 'length': 42.0}]",256234037256665680,here:traffic:incident:256234037256665680,256234037256665680,here:traffic:incident:256234037256665680,2024-10-21T07:00:00Z,2024-10-24T22:59:00Z,2024-10-24T15:54:37Z,True,critical,roadClosure,"[401, 806]",Closed,en-US,Closed,en-US,intermediateClosedEdgeOpen,,
43.0,"[{'points': [{'lat': 51.51695, 'lng': -0.10292}, {'lat': 51.51698, 'lng': -0.10296}, {'lat': 51.51704, 'lng': -0.10302}, {'lat': 51.51709, 'lng': -0.10309}, {'lat': 51.51714, 'lng': -0.10317}, {'lat': 51.51721, 'lng': -0.10336}], 'length': 43.0}]",2001563749990637703,here:traffic:incident:2001563749990637703,2001563749990637703,here:traffic:incident:2001563749990637703,2024-10-14T07:00:00Z,2024-11-15T18:00:00Z,2024-10-23T14:08:26Z,False,major,construction,[701],Road construction,en-US,Road construction,en-US,,,Roadworks scheduled 14/10/2024 - 15/11/2024 (UK Power Networks)
98.0,"[{'points': [{'lat': 51.49969, 'lng': -0.13274}, {'lat': 51.49971, 'lng': -0.13273}, {'lat': 51.50017, 'lng': -0.13258}], 'length': 54.0}, {'points': [{'lat': 51.50017, 'lng': -0.13258}, {'lat': 51.50056, 'lng': -0.13248}], 'length': 44.0}]",3302650114795798110,here:traffic:incident:3302650114795798110,3302650114795798110,here:traffic:incident:3302650114795798110,2022-11-22T00:00:00Z,2024-12-10T23:59:00Z,2024-10-24T15:54:37Z,True,critical,roadClosure,"[405, 701]",Closed to through traffic,en-US,Closed to through traffic,en-US,intermediateClosedEdgeOpen,"[{'vehicleType': 'other', 'restriction': {'trafficType': 'throughTraffic'}}]",
343.0,"[{'points': [{'lat': 51.51182, 'lng': -0.12713}, {'lat': 51.51192, 'lng': -0.12689}], 'length': 20.0}, {'points': [{'lat': 51.51192, 'lng': -0.12689}, {'lat': 51.51216, 'lng': -0.12621}], 'length': 54.0}, {'points': [{'lat': 51.51216, 'lng': -0.12621}, {'lat': 51.51221, 'lng': -0.12606}], 'length': 12.0}, {'points': [{'lat': 51.51221, 'lng': -0.12606}, {'lat': 51.51232, 'lng': -0.12582}], 'length': 21.0}, {'points': [{'lat': 51.51232, 'lng': -0.12582}, {'lat': 51.51254, 'lng': -0.12538}], 'length': 39.0}, {'points': [{'lat': 51.51254, 'lng': -0.12538}, {'lat': 51.51256, 'lng': -0.12535}], 'length': 3.0}, {'points': [{'lat': 51.51256, 'lng': -0.12535}, {'lat': 51.51286, 'lng': -0.12479}], 'length': 51.0}, {'points': [{'lat': 51.51286, 'lng': -0.12479}, {'lat': 51.5132, 'lng': -0.1242}], 'length': 56.0}, {'points': [{'lat': 51.5132, 'lng': -0.1242}, {'lat': 51.51327, 'lng': -0.12407}], 'length': 12.0}, {'points': [{'lat': 51.51327, 'lng': -0.12407}, {'lat': 51.51347, 'lng': -0.12375}], 'length': 31.0}, {'points': [{'lat': 51.51347, 'lng': -0.12375}, {'lat': 51.51359, 'lng': -0.12356}], 'length': 19.0}, {'points': [{'lat': 51.51359, 'lng': -0.12356}, {'lat': 51.51368, 'lng': -0.1234}], 'length': 15.0}, {'points': [{'lat': 51.51368, 'lng': -0.1234}, {'lat': 51.51376, 'lng': -0.12332}], 'length': 10.0}]",73505898531618263,here:traffic:incident:73505898531618263,4293578604310509994,here:traffic:incident:4293578604310509994,2024-10-23T08:00:00Z,2024-10-27T23:59:59Z,2024-10-24T17:00:28Z,False,critical,construction,[701],At Covent Garden - Road construction,en-US,Road construction,en-US,,,
43.0,"[{'points': [{'lat': 51.50102, 'lng': -0.12611}, {'lat': 51.501, 'lng': -0.1258}], 'length': 22.0}, {'points': [{'lat': 51.501, 'lng': -0.1258}, {'lat': 51.50099, 'lng': -0.1256}, {'lat': 51.50099, 'lng': -0.1255}], 'length': 21.0}]",2271918341716909264,here:traffic:incident:2271918341716909264,2271918341716909264,here:traffic:incident:2271918341716909264,2024-10-21T07:00:00Z,2024-10-30T18:00:00Z,2024-10-23T14:08:28Z,False,major,construction,[701],At Westminster - Road construction,en-US,Road construction,en-US,,,Roadworks scheduled 21/10/2024 - 30/10/2024 (UK Power Networks)
26.0,"[{'points': [{'lat': 51.51419, 'lng': -0.12264}, {'lat': 51.51402, 'lng': -0.1229}], 'length': 26.0}]",528662986941869903,here:traffic:incident:528662986941869903,528662986941869903,here:traffic:incident:528662986941869903,2024-08-18T23:00:00Z,2024-11-30T23:59:00Z,2024-10-24T15:54:37Z,False,low,construction,[701],At Covent Garden - Road construction,en-US,Road construction,en-US,,,
640.0,"[{'points': [{'lat': 51.52309, 'lng': -0.10794}, {'lat': 51.52309, 'lng': -0.10779}, {'lat': 51.52309, 'lng': -0.10762}], 'length': 22.0}, {'points': [{'lat': 51.52309, 'lng': -0.10762}, {'lat': 51.52308, 'lng': -0.10744}, {'lat': 51.52307, 'lng': -0.10728}], 'length': 24.0}, {'points': [{'lat': 51.52307, 'lng': -0.10728}, {'lat': 51.52289, 'lng': -0.10694}], 'length': 31.0}, {'points': [{'lat': 51.52289, 'lng': -0.10694}, {'lat': 51.52277, 'lng': -0.10668}], 'length': 22.0}, {'points': [{'lat': 51.52277, 'lng': -0.10668}, {'lat': 51.52269, 'lng': -0.10655}, {'lat': 51.52259, 'lng': -0.10641}], 'length': 27.0}, {'points': [{'lat': 51.52259, 'lng': -0.10641}, {'lat': 51.52244, 'lng': -0.10632}, {'lat': 51.52225, 'lng': -0.10619}], 'length': 41.0}, {'points': [{'lat': 51.52225, 'lng': -0.10619}, {'lat': 51.52223, 'lng': -0.10646}, {'lat': 51.52221, 'lng': -0.10667}, {'lat': 51.5222, 'lng': -0.10683}, {'lat': 51.52219, 'lng': -0.107}], 'length': 56.0}, {'points': [{'lat': 51.52219, 'lng': -0.107}, {'lat': 51.52209, 'lng': -0.10692}, {'lat': 51.52197, 'lng': -0.10682}, {'lat': 51.5219, 'lng': -0.10676}], 'length': 36.0}, {'points': [{'lat': 51.5219, 'lng': -0.10676}, {'lat': 51.52162, 'lng': -0.10656}], 'length': 34.0}, {'points': [{'lat': 51.52162, 'lng': -0.10656}, {'lat': 51.52139, 'lng': -0.10641}, {'lat': 51.52116, 'lng': -0.10626}], 'length': 55.0}, {'points': [{'lat': 51.52116, 'lng': -0.10626}, {'lat': 51.52081, 'lng': -0.10606}, {'lat': 51.52058, 'lng': -0.10597}], 'length': 68.0}, {'points': [{'lat': 51.52058, 'lng': -0.10597}, {'lat': 51.52049, 'lng': -0.10594}, {'lat': 51.52034, 'lng': -0.10588}], 'length': 27.0}, {'points': [{'lat': 51.52034, 'lng': -0.10588}, {'lat': 51.52027, 'lng': -0.10586}, {'lat': 51.52009, 'lng': -0.10579}], 'length': 28.0}, {'points': [{'lat': 51.52009, 'lng': -0.10579}, {'lat': 51.51994, 'lng': -0.10573}], 'length': 17.0}, {'points': [{'lat': 51.51994, 'lng': -0.10573}, {'lat': 51.51978, 'lng': -0.10567}], 'length': 18.0}, {'points': [{'lat': 51.51978, 'lng': -0.10567}, {'lat': 51.51966, 'lng': -0.10564}], 'length': 14.0}, {'points': [{'lat': 51.51966, 'lng': -0.10564}, {'lat': 51.51918, 'lng': -0.10551}, {'lat': 51.51881, 'lng': -0.1054}], 'length': 96.0}, {'points': [{'lat': 51.51881, 'lng': -0.1054}, {'lat': 51.5186, 'lng': -0.10532}], 'length': 24.0}]",3335442130301805260,here:traffic:incident:3335442130301805260,3335442130301805260,here:traffic:incident:3335442130301805260,2024-09-02T07:14:00Z,2024-11-17T23:59:59Z,2024-10-24T02:54:16Z,False,major,construction,[701],Road construction,en-US,Road construction,en-US,,,Roadworks scheduled 02/09/2024 - 17/11/2024 (Cadent)
178.0,"[{'points': [{'lat': 51.50046, 'lng': -0.10019}, {'lat': 51.50033, 'lng': -0.10041}], 'length': 21.0}, {'points': [{'lat': 51.50033, 'lng': -0.10041}, {'lat': 51.50031, 'lng': -0.10045}, {'lat': 51.50024, 'lng': -0.1006}], 'length': 17.0}, {'points': [{'lat': 51.50024, 'lng': -0.1006}, {'lat': 51.50018, 'lng': -0.10071}, {'lat': 51.50005, 'lng': -0.10096}, {'lat': 51.49985, 'lng': -0.1014}], 'length': 70.0}, {'points': [{'lat': 51.49985, 'lng': -0.1014}, {'lat': 51.49974, 'lng': -0.10164}], 'length': 21.0}, {'points': [{'lat': 51.49974, 'lng': -0.10164}, {'lat': 51.49961, 'lng': -0.10191}], 'length': 24.0}, {'points': [{'lat': 51.49961, 'lng': -0.10191}, {'lat': 51.49948, 'lng': -0.1022}], 'length': 25.0}]",673316129314850333,here:traffic:incident:673316129314850333,673316129314850333,here:traffic:incident:673316129314850333,2024-07-12T04:51:00Z,2024-12-11T23:59:00Z,2024-10-24T16:51:42Z,True,critical,roadClosure,"[405, 701]",Closed to through traffic,en-US,Closed to through traffic,en-US,intermediateClosedEdgeOpen,"[{'vehicleType': 'other', 'restriction': {'trafficType': 'throughTraffic'}}]",
57.0,"[{'points': [{'lat': 51.51846, 'lng': -0.1056}, {'lat': 51.51853, 'lng': -0.10544}, {'lat': 51.5186, 'lng': -0.10532}], 'length': 25.0}, {'points': [{'lat': 51.5186, 'lng': -0.10532}, {'lat': 51.51842, 'lng': -0.10529}, {'lat': 51.51831, 'lng': -0.10527}], 'length': 32.0}]",2622872585426462544,here:traffic:incident:2622872585426462544,2622872585426462544,here:traffic:incident:2622872585426462544,2024-09-13T22:08:00Z,2024-11-24T23:59:59Z,2024-10-24T17:41:47Z,False,major,construction,[701],At A201 - Ec4 - Road construction,en-US,Road construction,en-US,,,Roadworks scheduled 13/09/2024 - 24/11/2024 (Cadent)
43.0,"[{'points': [{'lat': 51.51721, 'lng': -0.10336}, {'lat': 51.51714, 'lng': -0.10317}, {'lat': 51.51709, 'lng': -0.10309}, {'lat': 51.51704, 'lng': -0.10302}, {'lat': 51.51698, 'lng': -0.10296}, {'lat': 51.51695, 'lng': -0.10292}], 'length': 43.0}]",2265268297942955769,here:traffic:incident:2265268297942955769,2265268297942955769,here:traffic:incident:2265268297942955769,2024-10-14T07:00:00Z,2024-11-15T18:00:00Z,2024-10-23T14:08:26Z,False,major,construction,[701],Road construction,en-US,Road construction,en-US,,,Roadworks scheduled 14/10/2024 - 15/11/2024 (UK Power Networks)
230.0,"[{'points': [{'lat': 51.507, 'lng': -0.12811}, {'lat': 51.50696, 'lng': -0.12821}, {'lat': 51.50692, 'lng': -0.12832}, {'lat': 51.50687, 'lng': -0.12844}], 'length': 27.0}, {'points': [{'lat': 51.50687, 'lng': -0.12844}, {'lat': 51.5068, 'lng': -0.12859}], 'length': 13.0}, {'points': [{'lat': 51.5068, 'lng': -0.12859}, {'lat': 51.50679, 'lng': -0.12862}], 'length': 2.0}, {'points': [{'lat': 51.50679, 'lng': -0.12862}, {'lat': 51.50677, 'lng': -0.12866}], 'length': 4.0}, {'points': [{'lat': 51.50677, 'lng': -0.12866}, {'lat': 51.50671, 'lng': -0.12869}], 'length': 7.0}, {'points': [{'lat': 51.50671, 'lng': -0.12869}, {'lat': 51.5067, 'lng': -0.12872}], 'length': 2.0}, {'points': [{'lat': 51.5067, 'lng': -0.12872}, {'lat': 51.50667, 'lng': -0.12877}], 'length': 5.0}, {'points': [{'lat': 51.50667, 'lng': -0.12877}, {'lat': 51.50664, 'lng': -0.12883}], 'length': 5.0}, {'points': [{'lat': 51.50664, 'lng': -0.12883}, {'lat': 51.50647, 'lng': -0.12922}], 'length': 33.0}, {'points': [{'lat': 51.50647, 'lng': -0.12922}, {'lat': 51.50637, 'lng': -0.12949}], 'length': 22.0}, {'points': [{'lat': 51.50637, 'lng': -0.12949}, {'lat': 51.50631, 'lng': -0.12968}], 'length': 15.0}, {'points': [{'lat': 51.50631, 'lng': -0.12968}, {'lat': 51.50614, 'lng': -0.13012}], 'length': 36.0}, {'points': [{'lat': 51.50614, 'lng': -0.13012}, {'lat': 51.50585, 'lng': -0.13084}], 'length': 59.0}]",4279916361528991598,here:traffic:incident:4279916361528991598,4279916361528991598,here:traffic:incident:4279916361528991598,2023-07-19T05:00:00Z,2026-12-24T23:59:00Z,2024-10-24T15:54:37Z,True,critical,roadClosure,"[401, 802]",Closed,en-US,Closed,en-US,intermediateClosedEdgeOpen,,
42.0,"[{'points': [{'lat': 51.52012, 'lng': -0.13003}, {'lat': 51.5199, 'lng': -0.13052}], 'length': 42.0}]",2137319077513726840,here:traffic:incident:2137319077513726840,2137319077513726840,here:traffic:incident:2137319077513726840,2024-10-18T07:00:00Z,2024-11-01T16:00:00Z,2024-10-23T14:08:28Z,False,major,construction,[701],Road construction,en-US,Road construction,en-US,,,Roadworks scheduled 18/10/2024 - 01/11/2024 (ITS Technology Group)
31.0,"[{'points': [{'lat': 51.51718, 'lng': -0.13835}, {'lat': 51.51725, 'lng': -0.13791}], 'length': 31.0}]",4292784032365546133,here:traffic:incident:4292784032365546133,4292784032365546133,here:traffic:incident:4292784032365546133,2024-10-22T23:00:00Z,2025-11-10T23:59:00Z,2024-10-24T15:54:37Z,True,critical,roadClosure,"[405, 802]",Closed to through traffic,en-US,Closed to through traffic,en-US,intermediateClosedEdgeOpen,"[{'vehicleType': 'other', 'restriction': {'trafficType': 'throughTraffic'}}]",
20.0,"[{'points': [{'lat': 51.51721, 'lng': -0.10336}, {'lat': 51.51729, 'lng': -0.10362}], 'length': 20.0}]",1803005602793392339,here:traffic:incident:1803005602793392339,1803005602793392339,here:traffic:incident:1803005602793392339,2024-10-14T07:00:00Z,2024-11-15T23:59:00Z,2024-10-24T17:39:29Z,True,critical,roadClosure,"[405, 703]",Closed to through traffic,en-US,Closed to through traffic,en-US,intermediateClosedEdgeOpen,"[{'vehicleType': 'other', 'restriction': {'trafficType': 'throughTraffic'}}]",
42.0,"[{'points': [{'lat': 51.5199, 'lng': -0.13052}, {'lat': 51.52012, 'lng': -0.13003}], 'length': 42.0}]",2095199611516841377,here:traffic:incident:2095199611516841377,2095199611516841377,here:traffic:incident:2095199611516841377,2024-10-18T07:00:00Z,2024-11-01T16:00:00Z,2024-10-23T14:08:27Z,False,major,construction,[701],Road construction,en-US,Road construction,en-US,,,Roadworks scheduled 18/10/2024 - 01/11/2024 (ITS Technology Group)
143.0,"[{'points': [{'lat': 51.51182, 'lng': -0.12713}, {'lat': 51.51169, 'lng': -0.12749}, {'lat': 51.51154, 'lng': -0.12787}], 'length': 60.0}, {'points': [{'lat': 51.51154, 'lng': -0.12787}, {'lat': 51.51146, 'lng': -0.12808}, {'lat': 51.51141, 'lng': -0.12823}, {'lat': 51.51135, 'lng': -0.12843}], 'length': 44.0}, {'points': [{'lat': 51.51135, 'lng': -0.12843}, {'lat': 51.51143, 'lng': -0.12842}, {'lat': 51.51158, 'lng': -0.12839}, {'lat': 51.5117, 'lng': -0.12838}], 'length': 39.0}]",2107544551436860418,here:traffic:incident:2107544551436860418,2527057899314780784,here:traffic:incident:2527057899314780784,2024-10-22T07:00:00Z,2024-12-17T17:00:00Z,2024-10-23T14:10:59Z,False,major,construction,[701],Road construction,en-US,Road construction,en-US,,,Roadworks scheduled 22/10/2024 - 17/12/2024 (Westminster City Council)
35.0,"[{'points': [{'lat': 51.5098, 'lng': -0.148}, {'lat': 51.50971, 'lng': -0.14788}], 'length': 13.0}, {'points': [{'lat': 51.50971, 'lng': -0.14788}, {'lat': 51.50956, 'lng': -0.14767}], 'length': 22.0}]",2596305609182064019,here:traffic:incident:2596305609182064019,2596305609182064019,here:traffic:incident:2596305609182064019,2024-10-22T07:00:00Z,2024-10-29T18:00:00Z,2024-10-24T15:14:15Z,False,major,construction,[701],Road construction,en-US,Road construction,en-US,,,Roadworks scheduled 22/10/2024 - 29/10/2024 (Westminster City Council)
224.0,"[{'points': [{'lat': 51.5166, 'lng': -0.11854}, {'lat': 51.51666, 'lng': -0.11826}], 'length': 20.0}, {'points': [{'lat': 51.51666, 'lng': -0.11826}, {'lat': 51.51682, 'lng': -0.11756}, {'lat': 51.51685, 'lng': -0.11742}], 'length': 62.0}, {'points': [{'lat': 51.51685, 'lng': -0.11742}, {'lat': 51.51689, 'lng': -0.11726}, {'lat': 51.51694, 'lng': -0.11705}], 'length': 27.0}, {'points': [{'lat': 51.51694, 'lng': -0.11705}, {'lat': 51.51703, 'lng': -0.11663}], 'length': 31.0}, {'points': [{'lat': 51.51703, 'lng': -0.11663}, {'lat': 51.51729, 'lng': -0.11549}], 'length': 84.0}]",691820138787677455,here:traffic:incident:691820138787677455,691820138787677455,here:traffic:incident:691820138787677455,2024-09-25T23:00:00Z,2024-11-11T17:00:00Z,2024-10-24T15:54:37Z,False,low,construction,"[701, 520]",Road construction,en-US,Road construction,en-US,,,
190.0,"[{'points': [{'lat': 51.50631, 'lng': -0.12426}, {'lat': 51.50597, 'lng': -0.12549}], 'length': 93.0}, {'points': [{'lat': 51.50597, 'lng': -0.12549}, {'lat': 51.5059, 'lng': -0.12573}, {'lat': 51.5058, 'lng': -0.12608}, {'lat': 51.50572, 'lng': -0.12641}, {'lat': 51.50561, 'lng': -0.12677}], 'length': 97.0}]",4396905944813584972,here:traffic:incident:4396905944813584972,4396905944813584972,here:traffic:incident:4396905944813584972,2024-09-19T07:00:00Z,2024-11-02T18:00:00Z,2024-10-23T15:09:52Z,False,major,construction,[701],Road construction,en-US,Road construction,en-US,,,Roadworks scheduled 19/09/2024 - 02/11/2024 (Westminster City Council)
25.0,"[{'points': [{'lat': 51.50839, 'lng': -0.14614}, {'lat': 51.50824, 'lng': -0.1464}], 'length': 25.0}]",2683693920192133849,here:traffic:incident:2683693920192133849,2683693920192133849,here:traffic:incident:2683693920192133849,2024-10-21T07:00:00Z,2024-10-25T22:59:59Z,2024-10-23T14:08:27Z,False,major,construction,[701],Road construction,en-US,Road construction,en-US,,,Roadworks scheduled 21/10/2024 - 25/10/2024 (Cadent)
65.0,"[{'points': [{'lat': 51.50616, 'lng': -0.14722}, {'lat': 51.50619, 'lng': -0.147}], 'length': 16.0}, {'points': [{'lat': 51.50619, 'lng': -0.147}, {'lat': 51.50623, 'lng': -0.14672}], 'length': 20.0}, {'points': [{'lat': 51.50623, 'lng': -0.14672}, {'lat': 51.5063, 'lng': -0.14631}], 'length': 29.0}]",1616405085998799065,here:traffic:incident:1616405085998799065,1616405085998799065,here:traffic:incident:1616405085998799065,2024-08-28T07:00:00Z,2024-11-28T17:00:00Z,2024-10-23T15:07:30Z,False,major,construction,[701],Road construction,en-US,Road construction,en-US,,,
35.0,"[{'points': [{'lat': 51.50956, 'lng': -0.14767}, {'lat': 51.50971, 'lng': -0.14788}], 'length': 22.0}, {'points': [{'lat': 51.50971, 'lng': -0.14788}, {'lat': 51.5098, 'lng': -0.148}], 'length': 13.0}]",930277761345659342,here:traffic:incident:930277761345659342,930277761345659342,here:traffic:incident:930277761345659342,2024-10-22T07:00:00Z,2024-10-29T18:00:00Z,2024-10-24T15:14:15Z,False,major,construction,[701],Road construction,en-US,Road construction,en-US,,,Roadworks scheduled 22/10/2024 - 29/10/2024 (Westminster City Council)
141.0,"[{'points': [{'lat': 51.51744, 'lng': -0.10785}, {'lat': 51.51744, 'lng': -0.10749}, {'lat': 51.51742, 'lng': -0.10737}, {'lat': 51.5174, 'lng': -0.10732}], 'length': 38.0}, {'points': [{'lat': 51.5174, 'lng': -0.10732}, {'lat': 51.51737, 'lng': -0.10727}, {'lat': 51.51713, 'lng': -0.10707}], 'length': 35.0}, {'points': [{'lat': 51.51713, 'lng': -0.10707}, {'lat': 51.51688, 'lng': -0.10685}], 'length': 32.0}, {'points': [{'lat': 51.51688, 'lng': -0.10685}, {'lat': 51.51659, 'lng': -0.10662}], 'length': 36.0}]",363218923792308000,here:traffic:incident:363218923792308000,363218923792308000,here:traffic:incident:363218923792308000,2024-10-19T07:00:00Z,2024-11-03T23:59:00Z,2024-10-24T15:54:37Z,True,critical,construction,[735],Closed due to road construction,en-US,Closed due to road construction,en-US,intermediateClosedEdgeOpen,,
41.0,"[{'points': [{'lat': 51.50676, 'lng': -0.14743}, {'lat': 51.5064, 'lng': -0.14731}], 'length': 41.0}]",1115164159922639158,here:traffic:incident:1115164159922639158,1115164159922639158,here:traffic:incident:1115164159922639158,2024-09-15T23:00:00Z,2025-08-15T22:59:00Z,2024-10-24T17:42:28Z,False,critical,construction,[802],Long-term road construction,en-US,Long-term road construction,en-US,,,
333.0,"[{'points': [{'lat': 51.51795, 'lng': -0.14177}, {'lat': 51.51764, 'lng': -0.14162}], 'length': 36.0}, {'points': [{'lat': 51.51764, 'lng': -0.14162}, {'lat': 51.51777, 'lng': -0.14083}], 'length': 57.0}, {'points': [{'lat': 51.51777, 'lng': -0.14083}, {'lat': 51.51787, 'lng': -0.14026}], 'length': 41.0}, {'points': [{'lat': 51.51787, 'lng': -0.14026}, {'lat': 51.51794, 'lng': -0.13983}], 'length': 31.0}, {'points': [{'lat': 51.51794, 'lng': -0.13983}, {'lat': 51.518, 'lng': -0.13947}, {'lat': 51.51805, 'lng': -0.13923}], 'length': 43.0}, {'points': [{'lat': 51.51805, 'lng': -0.13923}, {'lat': 51.51811, 'lng': -0.13906}, {'lat': 51.51817, 'lng': -0.1389}, {'lat': 51.51834, 'lng': -0.13845}], 'length': 63.0}, {'points': [{'lat': 51.51834, 'lng': -0.13845}, {'lat': 51.51862, 'lng': -0.13767}], 'length': 62.0}]",116471713756692939,here:traffic:incident:116471713756692939,4274047977532319764,here:traffic:incident:4274047977532319764,2024-10-23T17:27:23Z,2024-10-25T17:27:23Z,2024-10-24T09:31:28Z,True,critical,roadClosure,[401],At Bloomsbury - Closed,en-US,Closed,en-US,intermediateClosedEdgeOpen,,
159.0,"[{'points': [{'lat': 51.51846, 'lng': -0.1056}, {'lat': 51.51837, 'lng': -0.10586}], 'length': 21.0}, {'points': [{'lat': 51.51837, 'lng': -0.10586}, {'lat': 51.5181, 'lng': -0.10676}], 'length': 69.0}, {'points': [{'lat': 51.5181, 'lng': -0.10676}, {'lat': 51.51802, 'lng': -0.10704}], 'length': 21.0}, {'points': [{'lat': 51.51802, 'lng': -0.10704}, {'lat': 51.51793, 'lng': -0.10731}], 'length': 21.0}, {'points': [{'lat': 51.51793, 'lng': -0.10731}, {'lat': 51.51786, 'lng': -0.10746}, {'lat': 51.51777, 'lng': -0.10761}], 'length': 27.0}]",580375007519587209,here:traffic:incident:580375007519587209,580375007519587209,here:traffic:incident:580375007519587209,2024-10-19T07:00:00Z,2024-11-03T23:59:00Z,2024-10-24T15:54:37Z,True,critical,construction,[735],At A4 - Ec4 - Closed due to road construction,en-US,Closed due to road construction,en-US,intermediateClosedEdgeOpen,,
43.0,"[{'points': [{'lat': 51.50099, 'lng': -0.1255}, {'lat': 51.50099, 'lng': -0.1256}, {'lat': 51.501, 'lng': -0.1258}], 'length': 21.0}, {'points': [{'lat': 51.501, 'lng': -0.1258}, {'lat': 51.50102, 'lng': -0.12611}], 'length': 22.0}]",42474196071343602,here:traffic:incident:42474196071343602,42474196071343602,here:traffic:incident:42474196071343602,2024-10-21T07:00:00Z,2024-10-30T18:00:00Z,2024-10-23T14:08:28Z,False,major,construction,[701],At Westminster - Road construction,en-US,Road construction,en-US,,,Roadworks scheduled 21/10/2024 - 30/10/2024 (UK Power Networks)
66.0,"[{'points': [{'lat': 51.50347, 'lng': -0.10603}, {'lat': 51.50337, 'lng': -0.10641}], 'length': 29.0}, {'points': [{'lat': 51.50337, 'lng': -0.10641}, {'lat': 51.50322, 'lng': -0.10688}], 'length': 37.0}]",4459752402016628804,here:traffic:incident:4459752402016628804,4459752402016628804,here:traffic:incident:4459752402016628804,2024-10-21T23:00:00Z,2024-10-24T22:59:00Z,2024-10-24T15:54:37Z,True,critical,construction,[735],At Waterloo - Closed due to road construction,en-US,Closed due to road construction,en-US,intermediateClosedEdgeOpen,,
41.0,"[{'points': [{'lat': 51.51777, 'lng': -0.10761}, {'lat': 51.51767, 'lng': -0.1077}, {'lat': 51.51759, 'lng': -0.10777}], 'length': 23.0}, {'points': [{'lat': 51.51759, 'lng': -0.10777}, {'lat': 51.51754, 'lng': -0.10781}, {'lat': 51.51744, 'lng': -0.10785}], 'length': 18.0}]",158590366832525468,here:traffic:incident:158590366832525468,158590366832525468,here:traffic:incident:158590366832525468,2024-10-19T07:00:00Z,2024-11-03T23:59:00Z,2024-10-24T17:41:29Z,False,critical,construction,[701],At Ec4 - Road construction,en-US,Road construction,en-US,,,
44.0,"[{'points': [{'lat': 51.51237, 'lng': -0.13387}, {'lat': 51.51261, 'lng': -0.13336}], 'length': 44.0}]",636894781547491981,here:traffic:incident:636894781547491981,636894781547491981,here:traffic:incident:636894781547491981,2024-08-19T07:00:00Z,2025-02-12T17:00:00Z,2024-10-23T14:08:36Z,False,major,construction,[701],Road construction,en-US,Road construction,en-US,,,
88.0,"[{'points': [{'lat': 51.51679, 'lng': -0.13711}, {'lat': 51.51702, 'lng': -0.13723}, {'lat': 51.51728, 'lng': -0.13748}], 'length': 61.0}, {'points': [{'lat': 51.51728, 'lng': -0.13748}, {'lat': 51.51742, 'lng': -0.13761}, {'lat': 51.51744, 'lng': -0.13773}], 'length': 27.0}]",2583121831849663967,here:traffic:incident:2583121831849663967,2583121831849663967,here:traffic:incident:2583121831849663967,2024-10-22T23:00:00Z,2025-11-10T23:59:00Z,2024-10-24T15:54:37Z,True,critical,roadClosure,"[405, 802]",Closed to through traffic,en-US,Closed to through traffic,en-US,intermediateClosedEdgeOpen,"[{'vehicleType': 'other', 'restriction': {'trafficType': 'throughTraffic'}}]",
173.0,"[{'points': [{'lat': 51.51928, 'lng': -0.10308}, {'lat': 51.51891, 'lng': -0.10428}], 'length': 93.0}, {'points': [{'lat': 51.51891, 'lng': -0.10428}, {'lat': 51.5186, 'lng': -0.10532}], 'length': 80.0}]",2034471194393292576,here:traffic:incident:2034471194393292576,2034471194393292576,here:traffic:incident:2034471194393292576,2024-09-25T23:00:00Z,2024-11-24T23:59:00Z,2024-10-24T16:51:42Z,True,critical,roadClosure,"[401, 807]",Closed,en-US,Closed,en-US,intermediateClosedEdgeOpen,,
112.0,"[{'points': [{'lat': 51.50718, 'lng': -0.10552}, {'lat': 51.50819, 'lng': -0.10546}], 'length': 112.0}]",491537526138055736,here:traffic:incident:491537526138055736,491537526138055736,here:traffic:incident:491537526138055736,2024-10-17T23:00:00Z,2024-10-30T23:59:00Z,2024-10-24T15:54:37Z,False,low,construction,"[708, 807]",Temporary traffic signals,en-US,Temporary traffic signals,en-US,,,
85.0,"[{'points': [{'lat': 51.5144, 'lng': -0.14918}, {'lat': 51.51419, 'lng': -0.14909}], 'length': 24.0}, {'points': [{'lat': 51.51419, 'lng': -0.14909}, {'lat': 51.51367, 'lng': -0.14882}], 'length': 61.0}]",4471677712441167523,here:traffic:incident:4471677712441167523,4471677712441167523,here:traffic:incident:4471677712441167523,2024-06-03T23:00:00Z,2027-04-29T23:59:00Z,2024-10-24T15:54:37Z,True,critical,roadClosure,"[405, 802]",Closed to through traffic,en-US,Closed to through traffic,en-US,intermediateClosedEdgeOpen,"[{'vehicleType': 'other', 'restriction': {'trafficType': 'throughTraffic'}}]",
90.0,"[{'points': [{'lat': 51.51135, 'lng': -0.14609}, {'lat': 51.51144, 'lng': -0.14563}], 'length': 33.0}, {'points': [{'lat': 51.51144, 'lng': -0.14563}, {'lat': 51.51162, 'lng': -0.14486}], 'length': 57.0}]",3223054417744305548,here:traffic:incident:3223054417744305548,3223054417744305548,here:traffic:incident:3223054417744305548,2024-09-10T07:00:00Z,2024-10-28T18:00:00Z,2024-10-24T15:54:37Z,True,critical,roadClosure,"[405, 701]",Closed to through traffic,en-US,Closed to through traffic,en-US,intermediateClosedEdgeOpen,"[{'vehicleType': 'other', 'restriction': {'trafficType': 'throughTraffic'}}]",
39.0,"[{'points': [{'lat': 51.50306, 'lng': -0.10738}, {'lat': 51.50322, 'lng': -0.10688}], 'length': 39.0}]",3375961694573010225,here:traffic:incident:3375961694573010225,3375961694573010225,here:traffic:incident:3375961694573010225,2024-10-21T23:00:00Z,2024-10-24T22:59:00Z,2024-10-24T15:54:37Z,True,critical,construction,[735],At Waterloo - Closed due to road construction,en-US,Closed due to road construction,en-US,intermediateClosedEdgeOpen,,
99.0,"[{'points': [{'lat': 51.50056, 'lng': -0.13183}, {'lat': 51.49992, 'lng': -0.13216}, {'lat': 51.49973, 'lng': -0.13224}, {'lat': 51.49971, 'lng': -0.13225}], 'length': 99.0}]",891659330714781060,here:traffic:incident:891659330714781060,891659330714781060,here:traffic:incident:891659330714781060,2024-06-09T23:00:00Z,2024-11-30T17:00:00Z,2024-10-24T15:54:37Z,False,low,construction,"[701, 520]",Road construction,en-US,Road construction,en-US,,,
59.0,"[{'points': [{'lat': 51.5164, 'lng': -0.1196}, {'lat': 51.51661, 'lng': -0.11881}], 'length': 59.0}]",2256117085788016518,here:traffic:incident:2256117085788016518,2256117085788016518,here:traffic:incident:2256117085788016518,2024-10-14T07:00:00Z,2024-10-24T22:59:00Z,2024-10-24T17:44:27Z,False,critical,construction,[807],Gas pipeline work,en-US,Gas pipeline work,en-US,,,
20.0,"[{'points': [{'lat': 51.50515, 'lng': -0.11623}, {'lat': 51.50504, 'lng': -0.11634}, {'lat': 51.505, 'lng': -0.11638}], 'length': 20.0}]",818319254648473164,here:traffic:incident:818319254648473164,818319254648473164,here:traffic:incident:818319254648473164,2024-09-10T07:00:00Z,2024-11-03T18:00:00Z,2024-10-24T15:54:37Z,False,low,construction,"[701, 708]",Road construction,en-US,Road construction,en-US,,,
50.0,"[{'points': [{'lat': 51.50937, 'lng': -0.13744}, {'lat': 51.50898, 'lng': -0.13708}], 'length': 50.0}]",4554060987542136317,here:traffic:incident:4554060987542136317,4554060987542136317,here:traffic:incident:4554060987542136317,2024-10-24T07:00:00Z,2024-10-25T17:00:00Z,2024-10-24T07:13:05Z,False,major,construction,[701],Road construction,en-US,Road construction,en-US,,,Roadworks scheduled 24/10/2024 - 25/10/2024 (Westminster City Council)
11.0,"[{'points': [{'lat': 51.51664, 'lng': -0.11866}, {'lat': 51.51661, 'lng': -0.11881}], 'length': 11.0}]",1664679482745375255,here:traffic:incident:1664679482745375255,1664679482745375255,here:traffic:incident:1664679482745375255,2024-10-14T07:00:00Z,2024-10-24T22:59:00Z,2024-10-24T15:54:37Z,True,critical,roadClosure,"[405, 807]",Closed to through traffic,en-US,Closed to through traffic,en-US,intermediateClosedEdgeOpen,"[{'vehicleType': 'other', 'restriction': {'trafficType': 'throughTraffic'}}]",
141.0,"[{'points': [{'lat': 51.51659, 'lng': -0.10662}, {'lat': 51.51688, 'lng': -0.10685}], 'length': 36.0}, {'points': [{'lat': 51.51688, 'lng': -0.10685}, {'lat': 51.51713, 'lng': -0.10707}], 'length': 32.0}, {'points': [{'lat': 51.51713, 'lng': -0.10707}, {'lat': 51.51737, 'lng': -0.10727}, {'lat': 51.5174, 'lng': -0.10732}], 'length': 35.0}, {'points': [{'lat': 51.5174, 'lng': -0.10732}, {'lat': 51.51742, 'lng': -0.10737}, {'lat': 51.51744, 'lng': -0.10749}, {'lat': 51.51744, 'lng': -0.10785}], 'length': 38.0}]",2067933964562024494,here:traffic:incident:2067933964562024494,2067933964562024494,here:traffic:incident:2067933964562024494,2024-10-19T07:00:00Z,2024-11-03T23:59:00Z,2024-10-24T15:54:37Z,True,critical,construction,[735],Closed due to road construction,en-US,Closed due to road construction,en-US,intermediateClosedEdgeOpen,,
